{
  "name": "image-loader",
  "title": "jQuery Image Loader",
  "description": "Load images asynchronously with ease. This plugin seeks for all images with data-src attributes inside a wrapper or run the plugin on an image tag itself.",
  "keywords": [
    "image",
    "events"
  ],
  "version": "1.2.2",
  "author": {
    "name": "Mr. Henry",
    "url": "http://mrhenry.be"
  },
  "maintainers": [
    {
      "name": "Yves Van Broekhoven",
      "email": "yvesvanbroekhoven@gmail.com",
      "url": "http://yvesvanbroekhoven.be"
    }
  ],
  "licenses": [
    {
      "type": "MIT",
      "url": "https://github.com/mrhenry/jquery-image-loader/blob/master/MIT-LICENSE.txt"
    }
  ],
  "bugs": "https://github.com/mrhenry/jquery-image-loader/issues",
  "homepage": "http://mrhenry.github.com/jquery-image-loader/public/",
  "docs": "https://github.com/mrhenry/jquery-image-loader",
  "download": "https://github.com/mrhenry/jquery-image-loader/tags",
  "dependencies": {
    "jquery": ">=1.5"
  }
}
